{
  "project_info": {
    "project_number": "491085308178",
    "firebase_url": "https://medalarm-5759c.firebaseio.com",
    "project_id": "medalarm-5759c",
    "storage_bucket": "medalarm-5759c.appspot.com"
  },
  "client": [
    {
      "client_info": {
        "mobilesdk_app_id": "1:491085308178:android:af80fba9e03bc2cc",
        "android_client_info": {
          "package_name": "khaliliyoussef.medalarm"
        }
      },
      "oauth_client": [
        {
          "client_id": "491085308178-rpo9eemrh40mrbk31sb3n0as7mgddrge.apps.googleusercontent.com",
          "client_type": 1,
          "android_info": {
            "package_name": "khaliliyoussef.medalarm",
            "certificate_hash": "da67a4f7d5ae637c673eac4fbbe0fc9bd5d7cf4b"
          }
        },
        {
          "client_id": "491085308178-e2m237u6kr108jgr8ukd2hk5l28v2dps.apps.googleusercontent.com",
          "client_type": 3
        }
      ],
      "api_key": [
        {
          "current_key": "AIzaSyD4eIa0sXBoldRN6ucZsTAot7kGK_4J5dI"
        }
      ],
      "services": {
        "analytics_service": {
          "status": 1
        },
        "appinvite_service": {
          "status": 2,
          "other_platform_oauth_client": [
            {
              "client_id": "491085308178-e2m237u6kr108jgr8ukd2hk5l28v2dps.apps.googleusercontent.com",
              "client_type": 3
            }
          ]
        },
        "ads_service": {
          "status": 2
        }
      }
    }
  ],
  "configuration_version": "1"
}